case_id,post_date,hastert,hastert_probe,cheney,cheney_probe,blair,blair_probe,rehnquist,rehnquist_probe
1,2004-11-11,8,5,5,5,5,1,5,5
2,2004-11-10,8,1,1,5,1,5,8,1
3,2004-11-04,8,1,1,5,1,5,5,1
5,2004-11-20,1,5,1,5,1,5,8,5
6,2004-11-06,8,5,1,5,1,5,5,1
7,2004-11-05,8,1,1,5,1,5,1,5
8,2004-11-05,5,1,1,1,1,5,1,5
10,2004-11-08,1,5,1,5,1,5,1,5
11,2004-12-19,8,1,1,5,8,5,8,5
12,2004-11-15,5,1,1,5,5,5,5,5
13,2004-11-09,8,1,5,5,8,1,8,1
14,2004-11-18,8,5,1,5,1,5,5,5
15,2004-11-16,8,1,1,5,1,5,5,1
16,2004-11-08,8,5,1,5,1,5,8,5
18,2004-11-08,8,5,1,5,1,5,8,5
20,2004-11-19,8,1,1,5,8,1,5,5
21,2004-11-29,8,1,1,5,1,5,8,1
23,2004-11-29,8,1,1,5,5,1,8,1
24,2004-12-07,1,5,1,5,1,5,1,5
25,2004-11-27,8,5,8,1,8,5,8,5
26,2004-11-08,8,5,1,5,8,5,8,5
27,2004-11-09,8,1,1,5,1,5,1,5
28,2004-11-14,8,1,1,5,8,1,8,1
29,2004-11-14,8,5,1,5,5,5,8,5
30,2004-11-22,5,1,1,5,1,5,1,5
33,2004-11-10,5,1,1,5,1,5,1,5
34,2004-12-01,1,5,1,5,1,5,1,5
35,2004-11-15,8,1,8,1,8,1,8,1
36,2004-11-04,5,5,1,5,8,1,5,1
37,2004-11-03,8,1,1,5,1,5,5,5
38,2004-11-08,5,1,1,5,1,5,1,5
39,2004-11-18,8,1,1,5,1,5,1,5
40,2004-11-08,8,5,1,5,1,5,5,5
41,2004-11-07,5,5,1,5,1,5,1,5
42,2004-11-21,8,5,1,5,1,5,5,5
43,2004-11-12,8,5,5,1,8,1,8,5
44,2004-11-07,5,1,1,5,1,5,1,1
45,2004-11-11,1,5,1,5,1,5,1,5
46,2004-12-08,8,5,1,5,1,5,1,5
48,2004-12-17,5,1,5,1,5,1,8,1
50,2004-11-07,8,5,1,5,1,5,1,1
51,2004-11-15,8,5,1,5,1,5,8,5
52,2004-11-06,8,5,1,5,1,5,8,1
53,2004-11-06,8,1,1,5,1,5,5,1
55,2004-11-20,8,1,1,5,1,5,8,1
56,2004-11-07,5,1,1,5,1,5,1,5
57,2004-11-12,1,5,1,5,1,5,1,5
58,2004-11-08,8,1,1,5,1,5,5,5
59,2004-11-14,8,1,1,5,5,5,5,5
60,2004-11-12,8,5,1,5,1,1,8,5
61,2004-11-17,5,1,1,5,1,5,1,5
62,2004-11-11,8,5,1,5,1,5,1,5
63,2004-11-23,8,5,1,5,1,5,8,5
64,2004-11-15,8,5,1,5,1,5,1,5
66,2004-11-03,1,5,1,5,1,5,1,5
68,2004-11-06,5,5,1,5,1,5,5,5
69,2004-11-07,8,5,8,1,8,5,8,5
70,2004-11-08,1,5,1,5,1,5,1,5
71,2004-11-22,8,1,1,5,8,1,8,1
72,2004-11-16,8,1,1,5,1,5,5,1
73,2004-11-07,1,5,1,5,1,5,1,1
74,2004-11-23,5,5,1,5,1,5,1,5
75,2004-11-23,8,1,1,5,1,5,1,5
77,2004-11-27,8,1,1,5,8,5,8,5
78,2004-11-07,5,1,1,5,1,5,1,5
80,2004-11-19,1,5,1,5,1,5,1,5
82,2004-11-30,8,5,1,5,8,5,8,5
83,2004-12-09,8,1,1,1,5,1,8,1
84,2004-11-08,1,5,1,5,1,5,1,5
85,2004-11-08,8,1,1,5,1,5,8,1
86,2004-11-29,8,1,1,5,8,1,8,1
88,2004-11-04,8,1,1,5,1,5,1,5
89,2004-11-04,8,1,1,5,5,1,1,5
90,2004-11-04,8,1,1,5,1,5,5,5
91,2004-11-07,8,1,1,5,1,5,5,5
92,2004-11-06,8,5,1,5,8,5,5,5
93,2004-11-05,5,5,1,5,1,5,5,5
94,2004-11-11,8,5,1,5,1,5,1,5
95,2004-11-09,8,1,1,5,1,5,1,5
96,2004-11-29,8,1,1,5,1,1,5,1
97,2004-11-07,8,1,1,5,1,5,8,1
98,2004-11-04,8,5,1,5,8,5,8,5
99,2004-11-06,8,1,1,5,1,5,8,1
100,2004-11-18,8,1,1,5,1,5,8,5
101,2004-11-29,8,1,1,5,8,1,5,1
102,2004-12-05,8,1,1,5,5,1,8,1
103,2004-12-05,8,5,1,5,1,5,8,1
104,2004-12-02,5,5,1,5,1,5,1,5
105,2004-11-06,5,5,1,5,1,5,1,5
106,2004-11-05,8,1,1,5,1,5,1,5
108,2004-11-08,8,1,1,5,1,5,1,5
109,2004-11-09,5,1,1,5,1,5,5,5
110,2004-11-23,8,1,1,5,8,1,8,1
111,2004-11-03,8,1,1,5,1,5,1,5
112,2004-11-18,8,5,8,5,8,5,8,5
113,2004-11-27,8,1,1,1,8,1,8,5
114,2004-11-05,5,1,1,5,5,5,5,5
115,2004-11-18,5,1,5,5,5,1,8,5
116,2004-11-29,8,1,5,1,8,1,8,1
117,2004-11-08,1,1,1,5,5,1,8,1
118,2004-11-05,8,5,1,5,1,5,1,5
119,2004-11-16,8,1,1,5,1,5,1,5
120,2004-11-08,8,1,1,5,8,1,8,1
121,2004-11-07,5,1,1,5,5,5,5,5
122,2004-11-05,8,1,1,5,1,1,5,1
123,2004-11-12,1,5,1,5,1,5,1,5
124,2004-11-07,8,5,1,5,5,5,5,5
125,2004-12-03,8,5,1,1,1,5,1,5
126,2004-11-08,8,1,1,5,5,5,1,5
127,2004-12-16,8,5,1,5,5,5,8,5
129,2004-11-28,8,1,1,5,1,5,8,1
130,2004-11-09,1,5,1,5,1,5,1,5
132,2004-11-16,1,5,1,5,1,5,1,5
133,2004-11-15,8,5,1,5,1,5,8,5
134,2004-11-18,8,1,1,1,8,1,8,1
135,2004-11-19,1,5,1,5,1,5,1,5
136,2004-11-18,5,5,1,5,5,5,5,5
137,2004-11-05,8,5,1,5,1,5,5,1
138,2004-11-16,1,5,1,5,1,5,1,5
139,2004-11-20,8,5,1,5,8,5,8,5
140,2004-11-07,8,5,1,5,8,5,8,5
141,2004-11-04,1,5,1,5,1,5,1,5
142,2004-11-16,1,5,1,5,1,5,1,5
143,2004-12-01,8,1,1,5,1,5,1,5
144,2004-11-17,1,5,1,5,1,5,1,5
145,2004-11-09,1,5,1,5,1,5,5,5
146,2004-11-03,1,5,1,5,1,5,1,5
147,2004-11-07,8,5,1,5,1,5,8,5
148,2004-11-08,1,5,1,5,1,5,1,5
149,2004-11-12,1,5,1,5,1,5,5,1
150,2004-12-09,8,1,1,5,1,5,1,5
151,2004-11-15,8,5,1,5,8,5,8,5
152,2004-11-08,5,1,1,5,5,5,5,5
153,2004-12-15,8,1,1,5,1,5,5,1
154,2004-11-04,8,1,1,5,8,1,8,1
156,2004-11-05,8,1,1,5,1,5,5,1
157,2004-11-23,5,5,1,5,1,5,5,1
158,2004-11-05,8,1,8,1,8,1,8,5
159,2004-12-11,8,5,1,5,8,5,8,5
160,2004-11-20,8,5,1,5,8,5,8,5
162,2004-11-10,8,1,1,5,1,5,1,5
163,2004-11-10,5,5,1,5,1,5,1,5
164,2004-11-28,8,5,5,5,8,5,8,5
165,2004-11-22,8,1,1,5,1,5,1,5
166,2004-11-05,8,5,1,5,1,5,1,5
167,2004-11-04,1,5,1,5,1,5,1,5
168,2004-11-11,8,1,1,5,5,1,5,5
169,2004-12-03,5,5,1,5,1,5,5,5
170,2004-11-05,8,5,1,5,1,5,8,5
172,2004-12-13,8,1,5,5,1,1,5,1
173,2004-12-05,8,5,1,5,1,5,8,5
174,2004-11-14,8,1,8,5,8,1,8,5
175,2004-11-12,8,1,5,5,5,5,5,5
176,2004-11-05,8,1,1,5,1,5,5,1
177,2004-11-10,8,1,1,5,1,5,1,1
178,2004-11-08,5,1,1,5,1,1,1,5
179,2004-11-16,8,1,1,5,8,1,8,1
180,2004-12-05,8,1,1,5,1,5,8,1
181,2004-11-06,8,5,1,5,1,5,5,5
182,2004-11-09,8,1,1,5,1,5,5,5
183,2004-11-03,8,5,1,5,1,5,5,5
184,2004-11-04,8,1,1,5,5,5,1,5
185,2004-11-16,8,1,8,1,8,1,8,1
186,2004-11-20,8,1,5,5,8,1,8,1
187,2004-11-11,5,1,1,5,1,5,5,5
188,2004-11-06,8,1,1,5,5,5,5,5
189,2004-11-12,8,1,1,5,1,5,1,5
190,2004-11-07,8,1,1,5,1,5,8,1
191,2004-11-22,8,1,1,5,1,5,5,1
192,2004-11-15,8,1,1,5,1,5,1,5
193,2004-11-20,1,5,1,5,1,5,1,5
194,2004-11-13,8,5,1,5,1,5,1,5
195,2004-12-16,8,5,1,5,1,5,5,5
197,2004-11-10,8,5,1,5,5,1,8,5
198,2004-11-29,5,1,1,5,1,5,5,1
199,2004-11-07,8,1,8,1,8,1,8,1
200,2004-12-13,8,1,1,5,1,5,1,5
201,2004-12-08,5,5,1,5,1,5,1,5
202,2004-12-09,8,5,1,5,1,5,8,1
203,2004-11-19,8,5,1,5,1,5,1,5
204,2004-11-09,8,5,1,5,1,5,5,5
205,2004-11-12,8,5,8,5,8,5,8,5
206,2004-11-21,8,5,1,5,5,5,8,5
207,2004-11-15,8,1,8,1,8,1,8,1
208,2004-11-15,8,1,8,1,8,1,8,1
209,2004-11-17,5,1,1,5,1,5,1,5
210,2004-11-13,5,1,1,5,1,5,5,1
211,2004-11-09,8,1,1,5,1,5,1,5
213,2004-11-18,8,5,1,5,1,5,5,5
215,2004-11-04,8,5,8,1,8,5,8,5
216,2004-11-12,8,1,1,5,5,1,5,1
217,2004-11-04,8,5,1,5,1,5,1,5
218,2004-11-11,8,5,1,5,1,5,8,5
219,2004-11-11,1,5,1,5,1,5,1,5
221,2004-12-10,8,5,1,5,8,5,8,5
223,2004-11-05,5,1,1,5,5,5,8,5
224,2004-11-09,8,5,1,5,1,5,1,5
225,2004-11-24,8,5,1,5,1,5,8,5
226,2004-11-11,8,1,1,5,1,5,1,5
227,2004-11-07,8,1,1,5,8,1,8,1
228,2004-11-05,5,1,1,5,5,1,5,1
229,2004-12-01,8,5,1,5,8,5,8,5
230,2004-11-16,8,1,1,5,1,5,5,5
232,2004-11-08,8,5,1,5,1,5,8,5
233,2004-11-20,8,1,1,5,1,5,1,5
234,2004-12-08,8,5,1,5,1,5,8,5
235,2004-11-16,8,5,1,5,1,5,8,5
237,2004-11-21,8,5,1,5,1,5,5,5
238,2004-11-04,8,5,8,5,8,5,8,5
239,2004-12-11,5,1,1,5,1,5,5,5
240,2004-11-08,8,1,1,5,1,5,8,1
241,2004-12-01,8,5,8,5,8,5,5,5
242,2004-11-06,8,5,1,5,1,5,1,5
243,2004-11-15,8,1,8,1,8,1,8,1
245,2004-11-09,8,1,1,5,1,5,5,5
246,2004-11-06,1,5,1,5,1,5,1,5
247,2004-11-30,5,1,1,5,5,1,8,1
248,2004-11-08,5,1,1,5,5,5,5,5
249,2004-11-04,8,1,1,5,8,1,8,5
250,2004-11-18,8,1,1,5,8,1,5,1
251,2004-11-08,8,5,1,5,1,5,5,1
252,2004-11-08,5,5,1,5,1,5,5,5
253,2004-12-13,8,1,1,5,1,5,1,5
254,2004-11-16,8,1,1,5,1,5,5,5
255,2004-11-11,8,5,1,5,1,5,8,5
256,2004-11-06,8,1,1,5,1,5,8,1
257,2004-11-17,8,5,1,5,1,1,8,5
258,2004-11-08,8,1,1,5,8,1,8,1
260,2004-12-16,8,5,1,5,1,5,1,5
261,2004-12-02,8,5,1,5,1,5,8,5
262,2004-11-11,8,1,1,5,1,5,1,5
263,2004-11-08,8,5,8,5,8,5,8,5
264,2004-11-16,8,5,1,5,1,5,1,5
265,2004-11-08,8,5,1,5,1,5,5,5
266,2004-11-28,5,1,1,5,1,5,1,5
267,2004-11-15,8,5,1,5,5,5,8,5
268,2004-11-24,1,5,1,5,1,5,1,5
269,2004-11-11,8,1,1,5,1,5,5,1
270,2004-11-16,8,5,1,5,5,5,8,5
271,2004-11-11,8,1,1,5,5,5,8,1
272,2004-12-14,8,1,1,5,5,5,8,1
273,2004-12-06,8,1,8,1,5,5,8,1
274,2004-11-29,8,5,8,5,8,1,8,1
275,2004-11-16,8,1,8,1,1,5,8,1
276,2004-11-07,8,5,1,5,1,5,8,5
277,2004-12-16,8,1,1,5,1,5,1,5
279,2004-11-12,8,5,8,5,8,5,8,5
280,2004-11-13,8,1,1,5,8,1,8,5
282,2004-11-15,8,5,1,5,1,5,8,5
283,2004-11-11,8,5,1,5,1,1,1,5
284,2004-11-29,8,1,1,5,1,5,8,1
285,2004-11-13,8,1,1,5,1,1,1,1
286,2004-11-20,8,5,1,5,8,5,8,5
287,2004-11-10,8,5,8,5,8,5,8,5
288,2004-12-08,8,1,1,5,1,5,8,1
289,2004-11-20,8,1,1,5,8,1,8,1
290,2004-11-09,8,5,1,5,1,5,8,5
292,2004-11-17,8,1,1,5,1,5,8,1
293,2004-11-03,5,1,1,5,5,5,5,5
294,2004-12-09,8,5,1,5,1,5,8,5
295,2004-12-09,1,5,1,5,1,5,1,5
296,2004-11-04,8,1,1,5,1,5,5,1
297,2004-11-27,8,1,5,1,8,1,8,1
298,2004-11-20,8,1,5,5,8,5,8,5
299,2004-11-04,5,1,1,5,1,5,5,5
300,2004-11-30,8,1,1,5,1,5,5,1
301,2004-11-09,8,5,1,5,1,5,5,1
302,2004-11-11,8,5,8,5,8,5,8,5
303,2004-11-07,8,1,1,5,8,1,8,1
304,2004-11-08,8,1,1,5,1,5,8,1
305,2004-11-09,8,1,1,5,1,5,1,5
306,2004-11-21,8,5,5,5,8,5,8,5
307,2004-11-05,8,5,1,5,1,1,8,5
308,2004-11-07,8,1,1,5,1,5,1,5
309,2004-11-23,8,1,1,5,5,5,8,1
310,2004-11-10,1,5,1,5,5,5,1,5
311,2004-11-18,8,5,8,5,8,5,8,5
312,2004-11-16,8,1,1,5,1,5,5,5
313,2004-11-06,1,5,1,5,1,5,5,1
315,2004-11-17,8,5,1,5,1,5,1,1
316,2004-11-19,1,5,1,5,1,5,5,5
317,2004-11-06,1,5,1,5,1,5,1,5
318,2004-11-04,5,1,8,5,8,5,8,5
320,2004-11-13,8,1,1,5,1,5,8,1
322,2004-11-16,8,1,1,5,1,5,8,1
323,2004-11-13,8,1,1,5,1,5,1,5
324,2004-11-05,8,1,1,5,1,5,1,5
325,2004-11-13,5,1,1,5,1,5,5,1
326,2004-11-06,5,1,1,5,1,5,5,5
327,2004-11-03,8,1,1,5,1,5,5,5
328,2004-11-20,8,5,1,5,8,5,8,5
329,2004-11-08,8,1,5,1,5,1,5,1
330,2004-12-06,8,1,1,5,1,5,5,5
331,2004-12-07,8,1,1,5,1,5,1,5
332,2004-11-09,8,5,8,5,8,1,8,1
333,2004-11-14,8,5,1,5,1,5,8,5
334,2004-11-04,8,1,1,5,1,5,1,5
335,2004-11-06,8,5,1,5,1,5,5,5
336,2004-11-18,8,5,1,5,1,5,8,1
337,2004-11-08,8,1,1,5,1,5,8,1
338,2004-12-16,8,5,1,5,1,5,8,5
339,2004-11-21,8,5,1,5,1,5,5,5
340,2004-11-23,8,1,1,5,1,5,1,1
341,2004-12-11,8,5,1,5,1,5,8,5
343,2004-11-11,8,1,1,5,8,1,8,1
344,2004-11-11,8,5,1,5,1,5,1,5
345,2004-11-22,8,1,1,5,1,5,5,5
346,2004-12-04,8,1,1,5,1,5,8,1
347,2004-11-11,8,5,1,1,8,5,8,5
348,2004-11-06,5,5,1,5,1,5,1,5
349,2004-11-12,8,1,8,1,8,1,8,1
350,2004-12-10,1,1,1,5,1,1,5,5
351,2004-11-05,8,5,1,5,1,5,1,5
352,2004-11-05,8,1,8,1,8,5,8,5
353,2004-12-04,1,1,1,5,1,5,1,5
354,2004-11-06,1,5,1,5,1,5,1,5
355,2004-11-12,8,1,1,1,1,5,8,1
356,2004-11-03,8,1,1,5,1,5,1,5
357,2004-11-09,8,5,1,5,1,5,5,5
358,2004-11-27,8,1,1,5,8,1,8,5
359,2004-11-21,8,1,1,5,1,5,1,5
360,2004-11-10,1,5,1,5,5,5,5,5
361,2004-11-17,8,1,1,5,8,1,8,1
362,2004-11-18,8,5,1,1,5,5,8,5
363,2004-12-14,5,1,5,5,1,1,5,1
364,2004-11-11,8,1,1,5,1,1,8,1
365,2004-11-17,8,5,1,5,1,5,1,5
366,2004-11-19,8,5,1,5,1,5,1,5
367,2004-11-20,8,1,1,5,5,5,8,5
368,2004-11-15,8,5,1,5,1,5,8,5
369,2004-11-04,8,1,5,1,8,1,8,1
370,2004-12-16,8,5,1,5,1,5,5,1
371,2004-11-13,8,1,1,5,1,5,8,1
372,2004-11-28,8,1,1,5,1,5,5,1
373,2004-11-16,8,5,1,5,8,5,8,5
376,2004-11-04,5,1,1,5,1,5,1,5
377,2004-11-04,8,5,1,5,1,5,5,5
379,2004-11-11,8,1,1,5,5,1,8,1
380,2004-11-10,8,1,1,5,8,1,8,5
381,2004-11-06,8,1,1,5,1,5,1,5
382,2004-11-20,8,1,1,5,1,5,8,1
383,2004-11-13,8,1,1,5,5,5,8,1
384,2004-11-20,8,5,8,1,8,1,8,5
385,2004-11-09,8,5,1,5,1,5,1,5
386,2004-12-05,8,5,8,5,8,5,8,5
387,2004-11-04,8,1,1,5,5,1,5,5
388,2004-11-12,8,5,1,5,1,5,8,5
389,2004-12-03,8,5,1,5,8,5,8,5
390,2004-11-11,8,5,1,5,8,5,8,5
391,2004-11-16,8,5,1,1,1,5,8,5
392,2004-11-24,8,1,1,5,5,5,8,1
393,2004-11-05,1,5,1,5,1,5,1,5
394,2004-11-10,8,1,1,5,1,5,5,5
395,2004-11-09,1,5,1,5,1,5,1,5
396,2004-11-30,8,5,1,5,1,5,1,5
397,2004-11-23,5,1,1,5,1,5,1,5
398,2004-12-05,8,1,8,5,8,5,8,5
399,2004-11-08,8,1,1,5,1,5,1,5
400,2004-11-16,8,1,1,5,1,5,1,5
401,2004-12-13,8,5,5,1,8,5,8,5
402,2004-11-11,8,5,1,5,1,5,8,5
403,2004-11-12,8,1,1,5,5,5,5,1
404,2004-11-08,1,5,1,5,1,5,1,5
405,2004-11-05,8,5,1,1,1,5,5,1
406,2004-11-15,8,5,1,5,1,5,5,5
407,2004-12-08,8,1,1,5,5,1,8,1
408,2004-12-01,8,5,1,5,1,5,8,5
409,2004-11-13,8,1,1,5,1,5,8,1
410,2004-11-30,8,1,5,1,8,1,8,1
411,2004-11-09,8,1,1,5,8,1,1,5
412,2004-12-09,8,1,1,5,1,5,1,5
413,2004-11-07,8,5,8,5,8,5,8,5
414,2004-11-03,5,1,5,5,5,5,5,5
415,2004-11-27,8,5,8,5,8,5,8,5
417,2004-11-07,5,5,1,5,5,1,5,5
418,2004-11-09,8,1,1,5,1,5,5,5
419,2004-11-05,1,5,1,5,1,5,1,5
422,2004-11-10,8,5,1,5,1,5,1,5
423,2004-11-29,1,1,1,5,1,5,1,5
424,2004-11-13,8,5,1,5,1,1,8,5
425,2004-11-05,8,1,8,1,8,1,8,1
426,2004-11-05,1,5,1,5,1,5,1,5
427,2004-11-05,8,5,1,5,1,5,1,5
428,2004-11-09,8,5,1,5,8,5,8,5
429,2004-11-05,5,5,1,5,1,5,1,5
430,2004-11-20,8,1,1,5,1,5,5,1
432,2004-11-06,8,1,1,5,1,5,1,5
433,2004-11-23,8,1,1,5,8,5,8,1
434,2004-11-05,8,5,1,5,1,5,8,5
435,2004-11-03,8,1,1,5,5,5,1,1
436,2004-11-22,8,1,1,5,1,5,8,1
437,2004-11-23,5,1,1,5,1,5,1,5
438,2004-11-03,8,5,1,5,1,5,8,5
439,2004-11-23,5,1,1,5,1,5,5,5
441,2004-11-27,8,5,8,5,8,5,5,5
442,2004-11-10,8,5,1,5,1,5,8,5
443,2004-11-22,8,1,1,5,1,5,1,5
444,2004-11-09,1,5,1,5,1,5,1,5
445,2004-11-08,1,5,1,5,1,5,5,1
446,2004-12-10,5,1,1,5,1,5,1,5
447,2004-11-15,8,1,1,5,8,1,8,1
449,2004-11-14,8,1,1,5,1,5,8,5
452,2004-12-06,8,1,1,5,1,5,8,5
453,2004-11-12,8,5,1,5,1,5,5,5
455,2004-11-05,8,1,1,5,8,1,8,1
456,2004-11-18,8,5,1,5,8,5,8,5
457,2004-11-04,8,5,1,5,1,5,1,5
458,2004-11-16,5,1,1,5,1,1,5,1
459,2004-11-16,8,5,1,5,1,5,5,5
460,2004-11-06,8,1,1,5,1,5,8,1
461,2004-11-15,8,1,1,5,8,1,8,1
462,2004-11-05,8,5,1,5,1,5,8,5
463,2004-11-08,8,5,1,5,1,5,8,5
464,2004-11-22,8,1,1,5,1,5,5,1
465,2004-11-07,8,5,1,5,1,5,1,5
466,2004-11-08,5,1,1,1,1,5,1,5
467,2004-11-29,8,1,1,5,5,5,5,5
468,2004-11-26,8,1,5,5,1,5,8,1
469,2004-11-09,8,1,1,1,1,5,1,5
470,2004-11-22,8,1,1,5,1,5,8,5
471,2004-11-22,1,5,1,5,1,5,1,5
472,2004-11-07,1,5,1,5,1,5,1,5
473,2004-11-04,8,5,1,5,1,5,8,5
474,2004-11-15,8,1,1,5,1,5,5,5
475,2004-11-13,8,1,5,1,5,1,5,1
476,2004-11-08,8,5,1,5,5,1,1,5
477,2004-12-11,8,5,1,5,5,5,8,5
478,2004-11-09,8,5,1,5,1,1,8,5
480,2004-11-30,8,1,1,1,1,5,8,1
481,2004-11-16,8,1,1,5,1,5,8,1
482,2004-11-16,8,5,1,5,8,5,1,5
483,2004-11-10,8,1,1,5,1,5,5,1
484,2004-12-01,8,1,1,5,1,5,8,1
485,2004-11-26,8,1,5,1,5,1,5,5
486,2004-11-21,5,1,1,5,1,5,1,5
487,2004-11-05,8,1,1,5,1,5,8,1
488,2004-11-14,8,1,1,5,1,5,1,5
489,2004-11-26,1,5,1,5,1,5,1,5
490,2004-11-09,8,1,1,5,1,5,8,1
491,2004-11-18,8,1,8,1,5,1,8,1
492,2004-11-09,8,1,8,1,8,1,8,1
493,2004-12-15,8,5,1,5,1,5,1,5
494,2004-11-07,5,1,1,5,5,5,8,1
495,2004-11-13,8,5,1,5,5,5,8,5
496,2004-11-08,5,1,1,5,1,5,5,1
497,2004-11-17,8,1,1,5,1,5,5,1
498,2004-11-10,8,5,1,5,1,5,8,5
499,2004-11-30,8,5,1,5,8,5,8,5
500,2004-11-08,5,1,1,5,1,5,5,5
501,2004-11-13,1,5,1,5,1,5,1,5
502,2004-12-07,8,5,1,5,1,5,8,5
503,2004-11-08,8,1,1,5,1,5,5,1
504,2004-11-08,8,5,1,5,1,5,8,5
505,2004-11-23,1,5,1,5,1,5,1,5
506,2004-11-05,8,1,1,5,8,1,8,1
507,2004-12-05,8,1,1,5,1,5,8,1
508,2004-11-08,8,1,1,5,1,5,1,5
509,2004-11-11,5,1,1,5,5,1,8,1
510,2004-12-01,1,1,1,5,1,5,1,5
511,2004-11-08,8,5,1,5,1,5,1,5
512,2004-11-04,8,1,1,5,5,5,8,1
513,2004-12-02,8,1,1,5,8,1,8,1
514,2004-11-11,8,1,1,5,1,1,8,1
516,2004-11-11,8,5,5,5,8,5,8,5
517,2004-11-08,8,5,5,1,8,5,8,5
518,2004-11-15,8,1,1,5,1,1,1,1
522,2004-11-22,8,1,1,5,8,1,8,1
523,2004-11-06,8,1,1,5,1,5,5,5
524,2004-11-18,8,1,8,1,8,1,8,5
526,2004-11-05,8,1,1,5,8,1,8,1
527,2004-12-09,1,5,1,5,8,1,1,5
528,2004-11-24,8,1,1,5,1,5,1,5
530,2004-11-06,8,1,1,5,1,5,8,1
531,2004-11-03,8,1,1,5,1,1,5,1
533,2004-11-11,8,1,1,5,1,5,5,5
534,2004-12-04,8,1,1,5,1,5,8,1
535,2004-11-07,5,5,1,5,1,5,1,5
536,2004-11-10,1,5,1,5,1,5,1,5
537,2004-12-14,5,1,5,1,5,1,5,1
538,2004-11-16,8,1,1,5,1,5,5,5
539,2004-11-16,8,5,1,5,1,5,1,5
541,2004-11-07,8,1,1,5,5,5,8,1
542,2004-12-06,8,1,1,5,1,1,1,5
543,2004-11-15,5,1,5,1,5,1,5,1
544,2004-11-08,8,5,1,5,5,1,8,5
545,2004-11-14,8,5,1,5,1,5,1,5
546,2004-11-14,8,1,1,5,1,5,5,5
547,2004-11-15,8,5,1,5,1,5,1,5
548,2004-11-11,8,1,8,1,8,1,8,1
549,2004-11-07,8,5,1,5,1,5,8,5
550,2004-11-09,1,5,1,5,1,5,1,5
551,2004-11-08,8,1,1,5,1,5,8,5
552,2004-12-14,8,1,1,5,1,1,1,5
554,2004-12-04,8,1,8,1,8,1,8,1
555,2004-11-14,5,1,1,5,1,5,5,5
556,2004-11-28,8,1,1,5,1,5,5,1
557,2004-12-03,8,1,8,1,8,1,8,1
558,2004-11-28,1,5,1,5,1,5,1,5
559,2004-11-06,5,1,1,1,1,5,5,1
560,2004-11-15,8,5,1,5,8,1,8,1
561,2004-11-04,8,1,8,5,8,1,8,1
562,2004-11-05,8,5,1,5,1,5,1,5
563,2004-11-27,1,5,1,5,1,5,1,5
564,2004-11-11,5,5,1,5,1,5,5,5
565,2004-11-17,8,5,1,5,1,5,1,5
566,2004-11-03,8,5,1,5,1,5,1,5
567,2004-11-22,1,5,1,5,1,5,1,5
568,2004-11-10,1,5,1,5,1,5,1,5
569,2004-11-15,8,5,1,5,1,5,5,5
570,2004-12-15,8,5,1,5,1,5,8,5
571,2004-11-12,8,1,1,5,1,5,5,5
572,2004-12-14,8,5,1,5,1,5,1,5
573,2004-11-09,5,1,5,1,5,1,5,1
574,2004-12-02,8,1,1,5,5,5,8,1
576,2004-11-06,8,1,1,5,8,1,8,1
577,2004-11-10,8,1,1,5,8,1,8,1
578,2004-12-19,8,1,1,5,1,5,8,1
579,2004-11-05,8,5,1,5,8,5,1,5
580,2004-11-09,8,5,1,5,8,5,8,5
581,2004-11-08,8,1,1,5,1,5,1,5
582,2004-11-08,8,1,1,5,5,5,1,5
583,2004-11-10,1,5,1,5,1,5,1,5
584,2004-11-04,1,5,1,5,1,5,1,5
585,2004-11-18,8,1,8,1,8,5,8,5
586,2004-11-10,1,5,1,5,1,5,1,5
587,2004-11-08,8,1,5,1,5,1,5,1
588,2004-11-08,8,1,1,5,5,5,8,1
589,2004-12-02,5,1,1,5,1,5,5,1
590,2004-11-05,8,5,1,5,1,5,1,5
591,2004-12-15,8,1,1,5,5,1,8,1
592,2004-12-01,8,1,1,5,1,5,1,5
594,2004-11-27,8,1,1,5,1,5,5,1
595,2004-11-11,8,5,5,1,8,5,8,5
596,2004-11-07,8,5,1,5,5,5,8,5
597,2004-11-15,8,5,1,5,8,5,8,5
599,2004-11-13,8,5,5,5,8,1,8,5
600,2004-11-20,8,5,1,5,1,5,8,5
601,2004-11-11,5,1,1,5,1,5,5,5
602,2004-11-15,8,5,1,5,1,5,1,5
604,2004-11-09,1,1,1,5,1,1,8,1
605,2004-11-17,8,1,1,5,1,5,5,1
606,2004-12-04,8,5,1,5,8,5,8,5
607,2004-11-11,8,5,1,5,1,5,8,5
608,2004-11-08,8,1,1,5,1,5,8,1
609,2004-12-02,8,1,1,5,5,1,8,1
610,2004-11-07,8,1,1,5,1,1,1,1
611,2004-11-08,8,5,1,5,1,5,8,1
612,2004-11-16,1,5,1,5,1,5,1,5
613,2004-11-20,8,1,1,5,1,5,8,1
614,2004-11-09,5,1,1,5,1,1,8,5
616,2004-11-20,8,1,1,5,5,5,5,1
617,2004-12-08,8,1,1,5,8,5,8,5
618,2004-11-15,8,1,1,5,1,5,1,5
619,2004-11-14,8,5,8,5,8,5,8,5
620,2004-12-03,8,1,1,5,8,1,8,1
622,2004-11-16,5,1,1,5,1,5,8,5
623,2004-11-06,5,1,1,5,1,5,5,5
624,2004-11-18,8,1,1,5,1,5,5,1
625,2004-11-08,5,1,1,5,1,5,5,1
626,2004-12-03,8,1,1,5,1,5,8,1
628,2004-11-08,8,1,5,5,8,1,8,5
630,2004-11-16,8,1,1,5,8,1,8,5
631,2004-11-12,1,5,1,5,1,5,1,5
632,2004-11-17,8,5,1,5,1,1,5,1
633,2004-11-04,8,5,1,5,1,5,1,5
635,2004-11-03,5,1,1,5,1,5,1,5
637,2004-11-15,1,5,1,5,1,5,1,5
638,2004-11-30,8,1,1,5,5,5,8,1
639,2004-12-01,8,5,1,5,1,5,1,5
640,2004-11-18,8,1,5,1,5,5,5,5
641,2004-11-11,8,1,1,5,1,5,8,1
642,2004-11-09,8,5,1,5,8,5,1,5
643,2004-11-17,5,5,1,5,1,5,1,5
644,2004-11-07,8,1,1,1,1,5,8,1
645,2004-11-10,8,5,1,5,1,5,1,5
646,2004-11-09,1,5,1,5,1,5,1,5
647,2004-12-09,8,5,1,5,8,5,8,5
648,2004-11-06,8,1,5,1,8,1,8,1
649,2004-11-16,1,5,1,5,1,5,1,5
650,2004-11-03,8,1,1,5,1,5,1,5
651,2004-11-07,8,1,1,5,8,1,8,1
652,2004-11-13,8,5,1,5,5,5,8,5
653,2004-11-08,5,5,1,5,1,5,1,5
654,2004-11-08,8,1,1,5,5,5,8,1
655,2004-11-10,8,5,1,5,1,5,8,5
656,2004-11-26,1,5,1,5,1,5,1,5
657,2004-11-27,5,1,5,5,1,5,5,5
658,2004-11-13,8,5,1,5,1,5,8,5
659,2004-11-20,8,1,1,5,1,5,5,5
661,2004-11-08,5,5,1,5,1,5,1,5
664,2004-11-15,8,1,8,5,8,5,8,5
665,2004-12-04,5,1,1,5,1,5,1,1
666,2004-11-06,5,1,5,1,5,1,1,5
668,2004-11-21,8,1,1,5,1,5,8,1
669,2004-11-04,8,1,1,5,8,5,5,5
671,2004-11-09,8,5,1,5,1,5,5,1
672,2004-11-12,8,1,1,5,1,5,8,1
673,2004-11-08,5,1,1,5,1,1,5,5
674,2004-12-06,8,1,1,5,8,1,8,1
675,2004-11-08,8,1,1,5,1,5,8,1
676,2004-11-18,8,5,1,5,1,5,5,5
677,2004-11-04,8,5,8,5,8,5,8,5
679,2004-11-24,8,5,8,5,8,5,8,5
680,2004-11-15,8,5,1,5,1,5,5,5
681,2004-11-07,8,1,1,1,1,1,5,1
682,2004-11-12,8,5,1,5,1,5,8,5
683,2004-12-06,8,5,1,5,1,5,5,5
684,2004-11-08,8,1,1,5,1,5,8,1
686,2004-11-22,8,1,1,5,8,1,8,5
687,2004-11-26,8,5,8,5,8,5,8,5
688,2004-11-09,1,5,1,5,1,5,8,1
690,2004-11-28,5,1,1,5,1,5,1,5
691,2004-11-06,5,5,1,5,1,5,1,5
692,2004-11-12,1,5,1,5,1,5,1,5
694,2004-12-01,5,5,1,5,1,5,5,5
696,2004-11-06,8,5,1,5,8,5,8,5
697,2004-12-03,8,5,1,5,5,5,5,5
698,2004-11-07,1,5,1,5,1,5,1,5
699,2004-11-06,8,5,1,5,1,5,5,5
700,2004-12-17,8,1,5,1,5,1,8,1
701,2004-11-05,1,5,1,5,1,5,1,5
702,2004-11-10,8,5,8,1,8,5,8,1
703,2004-11-17,8,5,1,5,8,5,8,5
704,2004-11-07,8,5,1,5,8,5,8,5
705,2004-11-09,8,1,1,5,1,5,1,5
706,2004-11-17,8,1,1,5,1,5,5,5
707,2004-12-15,8,1,1,5,1,5,5,5
708,2004-11-20,5,1,1,5,5,5,8,1
709,2004-11-22,8,1,5,5,5,5,5,1
710,2004-11-07,8,5,1,5,1,5,8,5
711,2004-11-17,8,5,1,5,5,1,8,5
714,2004-11-09,8,5,1,5,5,5,5,5
715,2004-11-06,8,1,1,5,1,5,5,1
716,2004-11-13,8,5,1,5,1,5,8,5
717,2004-11-08,8,1,1,5,1,5,5,1
718,2004-11-06,8,1,1,5,1,5,5,1
719,2004-11-06,8,1,1,5,1,5,5,5
720,2004-12-07,8,1,1,5,1,1,1,5
721,2004-11-08,8,5,1,5,8,5,5,5
722,2004-11-13,8,5,1,5,1,1,5,1
723,2004-11-07,8,1,8,5,5,5,5,5
724,2004-11-14,8,1,1,5,8,1,8,1
727,2004-11-03,5,1,5,1,8,1,8,1
728,2004-11-09,5,5,1,5,1,5,8,1
729,2004-11-04,5,1,1,5,5,5,5,5
730,2004-11-04,1,5,1,5,1,5,5,1
731,2004-11-11,8,1,1,5,1,5,8,5
732,2004-11-09,8,5,1,5,1,5,8,5
733,2004-12-16,5,5,1,5,1,5,5,5
734,2004-12-15,8,1,1,5,1,5,8,1
735,2004-11-17,8,1,1,5,1,5,8,1
736,2004-12-04,8,1,1,5,1,5,1,5
737,2004-11-08,5,5,1,5,5,5,8,1
738,2004-11-26,8,1,1,1,1,1,8,1
739,2004-12-08,5,5,1,1,5,1,5,1
740,2004-11-10,8,5,1,5,5,1,8,5
741,2004-11-17,5,1,1,5,1,5,5,5
742,2004-11-18,8,1,1,5,1,5,5,1
743,2004-11-14,8,1,1,5,1,5,1,5
744,2004-11-22,8,1,1,5,1,5,8,1
746,2004-11-05,8,1,1,5,5,5,8,5
747,2004-12-17,8,5,8,5,8,5,8,5
748,2004-11-10,8,1,1,1,8,1,5,1
749,2004-11-05,8,1,1,5,1,5,8,5
751,2004-11-11,8,1,1,5,1,5,8,1
752,2004-11-18,8,1,5,1,8,1,8,1
753,2004-11-28,8,5,1,5,1,5,1,5
755,2004-11-05,5,5,1,5,1,5,1,5
756,2004-12-16,8,1,1,5,1,5,1,5
757,2004-11-17,8,1,1,5,1,5,1,5
759,2004-12-15,8,5,1,5,1,1,1,1
760,2004-11-15,8,1,8,1,8,1,8,1
761,2004-11-05,8,5,1,5,1,5,1,5
762,2004-11-04,8,1,1,5,5,1,8,1
763,2004-11-11,8,5,1,5,1,5,1,5
764,2004-11-16,8,1,5,1,8,1,8,1
765,2004-11-07,8,1,1,5,1,5,1,5
766,2004-12-10,8,1,1,5,1,1,8,1
767,2004-11-04,8,1,1,5,1,5,1,5
768,2004-11-10,8,5,1,5,1,5,5,1
769,2004-11-27,8,1,1,5,1,5,1,5
770,2004-11-18,8,5,1,5,1,5,8,5
771,2004-11-27,8,1,8,1,8,1,8,1
772,2004-11-09,1,5,1,5,1,5,1,5
773,2004-11-04,8,1,1,5,5,1,5,5
774,2004-11-06,8,5,1,5,1,5,8,5
775,2004-11-09,8,1,1,5,1,5,1,5
776,2004-11-23,8,1,1,1,8,1,8,1
777,2004-11-05,8,1,5,1,8,1,8,1
778,2004-12-01,8,5,1,5,1,5,8,5
779,2004-11-10,5,1,1,5,1,5,8,1
780,2004-12-08,8,5,1,5,1,5,8,5
782,2004-12-08,8,5,1,5,1,5,1,5
783,2004-11-15,1,5,1,5,1,5,1,5
784,2004-11-15,5,1,1,5,5,1,5,1
785,2004-11-21,8,1,1,5,1,5,5,1
786,2004-11-06,8,5,1,5,1,5,5,5
787,2004-11-08,8,1,5,1,5,1,5,1
788,2004-11-11,8,1,1,5,1,5,5,1
789,2004-11-10,1,5,1,5,1,5,1,5
790,2004-11-15,8,5,1,5,1,5,8,5
791,2004-11-22,8,5,1,5,1,5,1,5
792,2004-11-14,8,5,8,5,8,5,8,5
793,2004-11-09,8,1,1,5,5,1,1,5
794,2004-11-10,8,5,8,5,8,5,8,5
795,2004-11-13,8,1,1,5,1,5,8,1
796,2004-11-17,8,1,1,5,1,5,1,5
797,2004-12-12,8,1,1,1,5,1,8,1
798,2004-11-15,8,5,1,5,1,5,1,5
800,2004-11-12,8,1,5,1,8,1,5,1
801,2004-11-15,8,5,1,5,8,5,8,5
802,2004-11-21,8,5,1,5,1,1,8,5
803,2004-11-03,8,5,1,5,1,5,5,5
805,2004-11-28,8,5,1,5,8,5,8,5
806,2004-11-10,8,5,1,5,5,5,5,5
807,2004-12-01,1,5,1,5,1,5,1,5
808,2004-11-11,8,5,1,5,1,5,8,5
809,2004-11-06,8,5,1,5,8,5,8,5
810,2004-11-06,8,5,1,5,1,5,1,5
811,2004-11-15,8,1,1,5,1,5,5,1
812,2004-11-06,8,5,1,5,1,5,1,5
813,2004-12-07,8,5,1,5,1,5,1,5
814,2004-11-29,8,5,1,5,1,5,1,5
815,2004-11-16,8,1,1,5,1,5,8,5
816,2004-11-17,8,1,5,1,8,1,8,1
817,2004-11-21,8,1,5,1,8,5,5,1
818,2004-12-02,8,1,1,5,1,5,5,5
819,2004-11-18,8,5,1,5,8,5,8,5
821,2004-11-08,8,1,1,5,5,5,8,1
822,2004-11-24,1,5,1,5,1,5,1,5
823,2004-11-03,8,5,1,5,8,5,8,5
824,2004-11-07,5,1,1,5,1,5,5,1
825,2004-11-05,8,1,1,1,5,5,8,1
826,2004-11-11,8,1,1,5,5,5,8,1
827,2004-12-01,8,1,1,5,8,1,8,1
828,2004-11-29,8,1,1,5,1,5,8,1
829,2004-12-02,1,5,1,5,1,5,5,1
830,2004-11-17,5,5,1,5,1,5,8,5
832,2004-12-06,8,1,1,5,1,5,8,1
833,2004-12-05,1,5,1,5,1,5,1,5
834,2004-11-18,5,5,1,5,1,5,1,5
835,2004-12-11,8,1,5,5,8,1,5,5
836,2004-11-05,8,1,1,5,1,5,5,5
837,2004-11-10,8,5,1,5,1,5,5,5
838,2004-11-09,8,1,8,1,8,1,8,1
839,2004-11-16,8,1,1,5,1,5,8,1
840,2004-11-17,5,1,1,5,1,5,5,5
841,2004-11-20,1,5,1,5,1,5,5,5
842,2004-11-10,8,1,1,5,1,5,5,5
843,2004-11-11,1,1,1,5,1,5,1,5
844,2004-11-10,8,1,1,5,1,5,5,5
845,2004-12-18,8,1,1,5,1,5,5,5
846,2004-11-09,5,1,1,5,5,1,5,1
847,2004-11-12,8,1,1,5,1,1,8,1
848,2004-11-10,8,5,1,5,8,1,8,1
849,2004-11-17,8,5,1,5,1,5,1,5
851,2004-11-11,8,1,1,5,1,5,8,1
856,2004-11-18,1,5,1,5,1,5,1,5
858,2004-11-20,8,1,1,5,1,5,1,5
859,2004-11-09,8,5,1,5,8,5,8,5
860,2004-11-06,8,5,1,1,1,5,8,5
863,2004-11-28,5,1,5,1,5,1,5,5
864,2004-11-13,8,5,5,5,8,5,8,5
866,2004-11-04,8,5,8,5,8,5,8,5
867,2004-11-16,8,5,1,1,8,5,8,5
868,2004-11-03,8,1,8,1,8,1,8,1
869,2004-12-03,8,5,1,5,1,5,8,1
870,2004-11-10,8,5,8,5,8,5,8,5
871,2004-12-04,8,5,5,5,8,5,8,5
872,2004-11-30,5,1,1,5,1,5,1,5
873,2004-11-20,8,1,1,5,1,5,8,1
874,2004-11-09,8,5,1,5,1,5,8,5
875,2004-11-16,8,1,1,5,1,1,8,1
876,2004-11-07,5,5,1,5,1,5,1,5
877,2004-11-04,8,1,1,5,5,5,8,5
878,2004-11-08,5,5,1,5,1,5,1,5
880,2004-11-11,8,5,1,5,1,5,1,1
881,2004-11-13,5,1,5,5,5,5,5,5
882,2004-11-05,8,5,1,5,1,5,1,5
883,2004-11-09,8,1,1,5,8,1,8,1
884,2004-11-27,8,1,8,1,8,5,5,5
885,2004-11-06,1,5,1,5,1,5,1,5
886,2004-11-10,8,1,1,5,5,5,5,1
887,2004-11-06,5,5,1,5,1,5,1,5
888,2004-11-04,8,5,1,5,1,5,1,5
889,2004-11-24,8,1,8,1,8,1,8,1
890,2004-11-17,8,1,1,5,1,5,1,5
891,2004-11-06,8,5,1,5,1,5,8,5
892,2004-11-19,8,5,1,5,1,1,8,5
893,2004-12-15,8,5,8,5,8,5,8,5
894,2004-11-13,8,5,1,5,1,5,8,5
895,2004-11-06,8,5,1,5,8,5,8,5
896,2004-11-12,8,1,5,5,8,1,8,1
897,2004-12-06,1,5,1,5,1,5,1,5
898,2004-11-06,8,1,1,5,1,5,5,5
899,2004-11-26,8,1,1,5,8,1,8,1
900,2004-11-07,8,1,1,5,1,5,5,1
901,2004-11-16,1,5,1,5,1,5,1,5
902,2004-12-05,8,1,1,5,1,5,5,1
903,2004-11-29,5,1,1,5,1,5,1,5
904,2004-11-17,8,1,1,5,1,5,1,5
905,2004-11-04,8,1,1,5,1,5,8,1
906,2004-11-14,8,1,5,1,5,1,8,1
907,2004-12-05,1,5,1,5,1,5,1,5
908,2004-12-01,5,1,1,5,1,5,5,1
909,2004-11-04,8,1,1,5,1,5,8,1
910,2004-11-18,8,1,1,5,8,1,8,1
911,2004-11-03,8,5,1,5,8,5,8,5
912,2004-11-23,8,1,1,5,5,5,5,5
913,2004-11-09,1,5,1,5,1,5,1,5
914,2004-11-08,8,5,1,5,1,5,8,5
915,2004-11-05,8,5,1,5,1,5,1,5
916,2004-12-02,8,1,1,5,1,5,1,5
917,2004-11-16,8,5,1,5,1,5,8,5
918,2004-11-10,8,1,1,5,1,5,1,5
919,2004-11-09,8,5,1,5,8,5,8,5
921,2004-11-18,5,5,1,5,1,5,1,5
922,2004-12-02,8,5,1,5,1,5,1,5
923,2004-11-18,8,5,1,5,8,5,8,5
924,2004-11-09,8,1,1,5,1,5,1,1
925,2004-11-07,8,1,1,5,1,5,1,5
926,2004-11-12,1,5,1,5,1,5,1,5
927,2004-12-03,8,5,1,5,1,1,8,5
928,2004-12-04,8,1,1,5,1,5,5,5
929,2004-11-27,8,1,1,5,5,5,8,1
930,2004-11-08,8,1,1,5,1,5,5,5
931,2004-11-09,8,5,8,5,8,5,8,5
932,2004-11-11,8,1,1,5,1,5,5,5
933,2004-11-11,8,5,1,5,8,1,8,5
934,2004-11-20,8,5,1,5,1,5,1,5
935,2004-11-08,8,1,8,1,8,1,8,1
936,2004-11-06,8,5,1,5,8,5,8,5
937,2004-11-18,8,5,1,5,1,5,1,5
938,2004-11-20,8,5,1,5,1,1,1,5
939,2004-11-17,8,5,1,5,1,5,8,5
940,2004-11-30,8,5,8,1,8,5,8,5
941,2004-11-20,5,1,1,5,1,5,5,5
943,2004-11-06,5,1,1,5,1,5,5,1
944,2004-11-03,8,1,5,1,5,1,8,5
945,2004-11-23,8,5,1,5,1,5,5,5
946,2004-12-12,5,1,8,5,8,5,8,1
947,2004-11-09,8,5,5,5,1,5,8,5
950,2004-11-18,8,5,1,5,1,5,8,5
951,2004-12-03,8,5,1,5,1,5,1,5
953,2004-11-18,8,5,1,5,1,5,5,5
954,2004-11-23,8,5,1,5,1,5,8,1
955,2004-12-04,5,1,1,5,1,5,5,1
958,2004-11-09,8,5,1,5,1,5,1,5
959,2004-11-05,8,5,1,1,5,1,8,1
960,2004-11-06,8,1,1,5,1,5,5,1
962,2004-11-05,1,5,1,5,5,5,1,5
963,2004-11-06,5,1,1,5,1,5,1,5
964,2004-11-10,5,1,1,5,5,5,5,1
965,2004-11-15,8,5,1,5,1,5,1,5
966,2004-11-06,8,5,1,5,1,5,1,5
967,2004-11-08,8,5,1,5,1,5,5,1
968,2004-11-04,5,5,1,5,5,1,8,1
970,2004-12-08,8,1,8,1,8,1,8,1
972,2004-11-10,1,5,1,5,1,5,1,5
973,2004-11-10,8,5,1,5,8,5,8,5
974,2004-11-09,1,5,1,5,1,5,1,5
975,2004-11-29,8,1,8,1,8,1,8,1
976,2004-12-07,8,1,1,5,1,5,5,5
977,2004-11-07,5,1,1,5,1,5,5,5
979,2004-11-22,8,1,1,5,1,5,5,5
980,2004-11-04,8,1,1,5,8,1,8,1
981,2004-11-16,1,5,1,5,1,5,1,5
982,2004-12-18,8,1,1,5,1,5,8,1
983,2004-11-15,1,5,1,5,1,5,1,1
984,2004-11-30,8,5,1,5,1,5,1,5
985,2004-11-16,8,5,1,5,1,5,1,1
986,2004-11-09,5,5,1,5,1,5,1,5
987,2004-12-01,8,5,1,5,8,5,8,5
988,2004-11-22,8,1,1,5,1,5,8,1
989,2004-11-07,8,1,1,5,5,1,8,5
990,2004-12-05,1,1,1,5,1,5,1,5
991,2004-11-08,8,5,8,5,8,5,8,5
992,2004-11-23,8,5,1,5,1,5,1,5
993,2004-11-06,8,1,1,5,1,5,8,1
994,2004-11-09,5,5,1,5,8,5,8,5
996,2004-11-15,8,5,1,5,8,1,8,5
997,2004-11-20,8,1,1,5,1,5,8,1
998,2004-11-10,8,5,1,5,1,5,8,5
999,2004-11-04,5,1,1,5,1,5,5,5
1000,2004-12-07,1,5,1,5,1,5,1,5
1001,2004-11-18,8,1,1,5,5,5,8,5
1002,2004-11-10,8,1,1,5,1,1,8,1
1003,2004-11-14,8,5,1,5,1,5,8,5
1004,2004-11-17,8,5,8,5,8,5,8,5
1005,2004-12-12,8,1,8,1,8,1,8,1
1006,2004-12-04,5,1,1,5,5,1,8,5
1007,2004-11-06,5,1,1,5,1,5,5,5
1008,2004-12-06,8,1,1,5,1,5,1,5
1009,2004-11-15,8,5,1,5,1,5,8,5
1010,2004-12-03,8,5,8,1,5,1,8,5
1012,2004-11-07,8,1,1,5,8,1,8,1
1013,2004-11-27,8,1,1,5,1,5,1,5
1014,2004-11-30,8,1,1,1,5,1,8,1
1015,2004-11-06,8,1,1,5,8,5,8,5
1016,2004-11-11,1,5,1,5,1,5,1,5
1017,2004-12-13,8,1,1,5,8,1,8,1
1018,2004-12-17,8,1,1,5,1,5,8,1
1019,2004-11-09,8,5,1,5,5,1,8,1
1020,2004-12-01,8,5,1,5,8,5,8,5
1021,2004-11-04,8,1,1,5,8,1,8,1
1023,2004-11-24,5,1,1,5,1,5,5,5
1024,2004-11-14,5,5,1,5,1,5,5,5
1025,2004-12-06,8,1,1,5,1,5,5,5
1026,2004-11-07,8,1,1,5,1,5,5,5
1027,2004-11-30,8,1,1,1,1,5,5,1
1028,2004-11-20,8,5,1,5,1,5,5,5
1030,2004-12-01,8,1,1,1,5,1,5,1
1031,2004-11-04,1,5,1,5,1,5,1,5
1032,2004-11-12,8,5,1,5,1,5,8,5
1033,2004-11-05,8,1,1,5,1,5,5,5
1034,2004-11-16,8,1,5,1,8,1,8,1
1035,2004-11-18,8,5,1,5,1,5,8,5
1036,2004-11-13,8,1,1,5,1,5,5,5
1037,2004-12-02,8,1,8,1,8,1,8,1
1038,2004-11-11,8,1,1,5,1,5,5,5
1039,2004-11-07,1,5,1,5,1,5,1,5
1040,2004-11-07,8,5,1,5,1,5,5,5
1041,2004-11-10,8,5,1,5,5,1,8,5
1042,2004-11-20,5,1,1,5,1,5,1,5
1045,2004-11-15,1,5,1,5,1,5,1,5
1046,2004-11-20,5,1,1,5,1,5,1,5
1047,2004-11-19,8,1,8,1,8,1,8,1
1048,2004-11-29,8,1,1,5,8,1,8,1
1049,2004-11-16,8,5,1,5,1,5,1,5
1050,2004-11-16,8,5,1,5,1,5,5,5
1051,2004-11-24,1,5,1,5,1,5,1,5
1052,2004-11-03,8,5,5,5,8,5,8,5
1053,2004-11-27,8,5,1,5,8,5,8,5
1054,2004-11-07,5,1,1,5,1,5,5,5
1055,2004-11-20,8,1,1,5,1,5,1,5
1057,2004-11-14,8,5,1,5,1,5,8,1
1058,2004-11-21,8,1,1,5,1,5,1,5
1059,2004-11-07,8,1,1,5,1,5,8,1
1061,2004-12-09,8,5,8,5,8,5,8,5
1063,2004-11-05,8,5,1,5,8,5,8,5
1064,2004-11-18,1,1,1,5,5,5,8,1
1065,2004-11-07,8,5,1,5,8,5,8,5
1068,2004-11-22,8,1,1,5,1,5,5,5
1069,2004-11-17,8,5,1,5,1,5,8,5
1071,2004-11-23,8,1,1,5,1,5,1,5
1072,2004-12-18,8,5,1,5,1,5,5,5
1073,2004-12-10,8,5,8,5,8,5,8,5
1074,2004-11-05,8,1,1,5,1,5,1,5
1075,2004-11-17,1,5,1,5,1,5,1,5
1076,2004-12-08,8,1,1,1,1,5,5,1
1077,2004-12-05,8,5,1,5,8,5,8,5
1078,2004-12-13,8,1,5,1,8,1,8,1
1079,2004-11-07,8,5,1,5,1,5,1,5
1080,2004-11-18,5,1,1,5,8,1,8,1
1081,2004-11-18,8,5,1,5,1,5,8,5
1082,2004-11-07,8,5,1,5,1,5,8,5
1083,2004-11-08,8,5,1,5,1,5,5,5
1085,2004-11-09,8,5,1,5,1,5,1,5
1086,2004-12-03,8,1,5,1,8,1,8,1
1087,2004-11-08,8,1,1,5,1,5,8,1
1088,2004-11-30,8,5,1,5,1,5,5,5
1089,2004-11-12,5,1,1,5,1,5,1,1
1090,2004-11-08,8,1,1,5,5,5,8,1
1091,2004-12-03,8,5,1,5,1,5,1,5
1092,2004-12-11,8,5,1,5,1,5,8,5
1093,2004-11-11,5,1,5,1,1,5,1,5
1095,2004-11-07,8,5,8,5,8,5,8,5
1096,2004-12-13,8,5,1,5,1,5,1,5
1097,2004-11-14,8,5,1,1,1,5,5,1
1098,2004-11-06,1,5,1,5,1,5,1,5
1099,2004-11-04,8,1,1,5,8,1,8,1
1100,2004-11-05,8,1,1,5,5,1,5,1
1103,2004-11-27,8,1,1,5,1,5,1,5
1104,2004-12-05,8,1,1,5,5,5,1,5
1105,2004-11-17,8,1,1,5,5,5,8,1
1106,2004-11-04,8,1,1,5,1,5,1,5
1107,2004-11-13,8,5,8,5,8,5,8,5
1109,2004-11-17,8,5,1,5,8,5,8,5
1111,2004-11-15,5,1,1,5,1,5,5,5
1112,2004-12-06,8,1,1,5,1,5,5,1
1113,2004-11-27,8,1,8,1,8,1,8,1
1114,2004-11-20,8,5,1,5,1,5,8,5
1115,2004-11-04,8,5,1,5,5,5,8,5
1116,2004-11-20,1,5,1,5,1,5,1,5
1117,2004-11-05,8,5,1,5,1,5,8,5
1118,2004-12-02,1,5,1,5,1,5,1,5
1119,2004-11-21,8,5,1,5,1,5,8,5
1120,2004-12-03,8,1,1,5,1,5,8,1
1121,2004-11-14,8,1,1,5,8,1,8,5
1122,2004-11-09,8,1,1,5,1,5,1,5
1123,2004-12-09,8,1,8,1,8,1,8,1
1124,2004-11-07,5,1,1,5,8,1,5,5
1125,2004-11-12,8,1,8,1,8,1,8,1
1127,2004-11-29,8,5,1,5,1,5,5,5
1128,2004-11-09,8,5,1,5,1,5,8,1
1129,2004-11-13,8,5,8,5,5,1,8,5
1130,2004-11-08,8,5,1,5,1,5,8,5
1131,2004-11-09,8,1,1,5,1,5,8,1
1133,2004-11-05,1,1,1,5,1,5,5,5
1135,2004-11-07,8,5,1,5,8,5,8,5
1136,2004-11-05,8,1,1,5,1,5,1,5
1137,2004-11-10,1,5,1,5,5,5,1,5
1140,2004-11-09,8,5,1,5,5,1,8,5
1142,2004-11-04,8,5,8,5,8,5,8,5
1143,2004-11-04,8,5,1,5,5,5,8,5
1144,2004-11-15,8,5,1,5,1,5,8,5
1145,2004-11-06,8,1,1,5,1,5,8,1
1146,2004-11-04,8,1,1,5,8,1,8,1
1147,2004-11-09,8,5,1,5,8,5,8,5
1148,2004-11-10,5,1,1,5,1,5,8,1
1149,2004-12-04,8,1,1,5,1,5,8,1
1150,2004-11-13,5,1,1,5,1,5,1,5
1151,2004-11-10,5,1,1,5,1,5,5,5
1153,2004-11-11,8,5,1,5,1,1,8,5
1154,2004-11-09,5,1,1,5,1,5,5,5
1155,2004-12-02,8,5,5,5,1,5,8,5
1156,2004-12-05,1,5,1,5,1,5,1,5
1157,2004-12-04,8,1,1,5,1,5,1,5
1159,2004-11-18,5,5,1,5,1,5,5,5
1162,2004-11-17,1,5,1,5,1,5,1,5
1163,2004-11-04,8,5,1,5,8,1,8,1
1164,2004-11-05,8,1,1,5,1,5,1,5
1165,2004-11-11,8,1,1,5,5,1,8,1
1166,2004-11-05,8,5,1,5,1,5,1,5
1167,2004-12-01,8,1,1,5,1,5,1,5
1169,2004-12-15,1,1,1,5,1,5,1,1
1170,2004-11-18,8,1,8,1,8,1,8,1
1171,2004-12-15,8,5,1,5,1,5,1,5
1172,2004-11-30,8,5,1,5,1,5,1,5
1173,2004-11-10,5,1,5,1,5,1,8,1
1174,2004-11-20,8,5,1,5,1,5,8,5
1175,2004-11-09,8,1,1,5,1,5,8,5
1177,2004-12-05,1,5,1,5,1,5,1,5
1178,2004-11-08,1,1,1,5,1,5,1,5
1179,2004-11-09,8,1,5,1,8,1,8,1
1180,2004-11-23,5,1,1,5,1,5,5,1
1181,2004-11-05,8,5,1,5,1,5,5,5
1183,2004-11-30,8,5,1,5,1,5,1,5
1184,2004-11-22,5,1,8,1,8,1,8,1
1185,2004-11-18,8,5,1,5,1,5,1,5
1186,2004-12-06,8,5,1,5,8,5,8,5
1187,2004-11-17,1,5,1,5,1,5,1,5
1188,2004-11-17,5,1,1,5,1,5,1,5
1189,2004-11-11,8,1,1,5,1,5,1,5
1190,2004-11-04,8,5,1,5,1,1,5,5
1191,2004-11-10,8,1,1,5,1,5,5,1
1192,2004-11-30,8,1,1,5,1,5,1,5
1193,2004-11-15,8,5,8,5,8,5,8,5
1194,2004-11-16,8,1,1,5,1,5,1,5
1195,2004-12-04,8,1,8,1,8,1,8,1
1196,2004-11-16,8,5,1,5,8,5,8,5
1197,2004-11-06,5,1,1,5,5,5,5,5
1198,2004-11-08,1,5,1,5,1,5,1,5
1199,2004-12-06,8,1,1,5,8,1,5,1
1200,2004-11-08,8,5,1,5,1,5,1,5
1201,2004-11-09,8,1,1,1,1,5,8,1
1202,2004-11-19,5,5,1,5,1,5,5,5
1203,2004-11-07,8,5,1,5,1,5,1,5
1205,2004-11-06,8,1,1,5,1,5,1,5
1206,2004-11-09,8,5,5,5,8,5,8,5
1207,2004-11-12,1,1,1,5,1,5,1,5
1208,2004-11-20,8,1,1,5,1,5,1,5
1209,2004-11-15,8,5,1,5,8,5,8,5
1211,2004-11-16,5,1,1,5,1,5,1,5
1212,2004-11-18,8,1,1,5,8,1,8,1
1213,2004-11-09,8,5,1,5,1,5,8,5
